Product_RMIT,Phase
Product A82M,MapDay
Product A82M,ES2
Product A82M,QS
Product A82M,PRQ
Product A82M,TFC
Product A81N,PO
Product A81N,ES0
Product A81N,ES1
Product A81N,ES2
Product A81N,QS
Product A81N,PRQ
Product A81N,TFC
Product A82P,MapDay
Product A82P,QS
Product A82P,PRQ
Product A82P,TFC
Product A82PVN,MapDay
Product A82PVN,ES2
Product A82PVN,QS
Product A82PVN,PRQ
Product A82PVN,TFC
Product AONE,MapDay
Product AONE,PO
Product AONE,ES
Product AONE,QS
Product AONE,PRQ
Product AONE,TFC
Product A01S,MapDay
Product A01S,PO
Product A01S,ES
Product A01S,QS
Product A01S,PRQ
Product A01S,TFC
Product 81S,MapDay
Product 81S,PO
Product 81S,ES
Product 81S,QS
Product 81S,PRQ
Product 81S,TFC
Product A81N,ES
Product A82P,PO
Product A82PVN,PO
